{"cameraMode":{"drawMode":0,"name":"Shaded","section":"Shading Mode"},"sceneLighting":true,"audioPlay":false,"sceneViewState":{"showFog":true,"showMaterialUpdate":true,"showSkybox":true,"showFlares":true,"showImageEffects":true,"showParticleSystems":true},"in2DMode":false,"pivot":{"x":-24.843095779418947,"y":-1.1823959350585938,"z":-9.132667541503907},"rotation":{"x":-0.11640971153974533,"y":0.7993567585945129,"z":-0.16437767446041108,"w":-0.5660946369171143},"size":27.126079559326173,"orthographic":false}