{"cameraMode":{"drawMode":0,"name":"Shaded","section":"Shading Mode"},"sceneLighting":true,"audioPlay":false,"sceneViewState":{"showFog":true,"showMaterialUpdate":true,"showSkybox":true,"showFlares":true,"showImageEffects":true,"showParticleSystems":true},"in2DMode":false,"pivot":{"x":0.15592193603515626,"y":-0.3723902702331543,"z":0.11872196197509766},"rotation":{"x":-0.09463351964950562,"y":0.8955280780792236,"z":-0.22943836450576783,"w":-0.3693671226501465},"size":7.586129188537598,"orthographic":false}